date,event,level,weight,type,direction,note,content,source
2023-09-01,北京全市实施认房不认贷,北京,2,政策,利好,名下无成套住房可按首套信贷执行,2023年9月1日，北京市住建委、中国人民银行北京市分行、国家金融监督管理总局北京监管局联合印发通知，在全市范围内实施认房不认贷。居民家庭申请贷款购买商品住房时，家庭成员在本市名下无成套住房的，不论是否已利用贷款购买过住房，银行业金融机构均按首套住房执行住房信贷政策。该政策旨在更好满足居民刚性和改善性住房需求，降低改善型家庭首付门槛，对天通苑等大型居住区置换需求释放具有传导作用。,北京市人民政府门户网站 https://www.beijing.gov.cn/zhengce/zcjd/202309/t20230901_3242582.html
2024-02-06,北京优化通州区商品住房限购政策,北京,4,政策,利好,取消通州落户或就业满3年双限要求,2024年2月6日，北京市住建委发布《关于调整通州区商品住房销售政策的通知》，优化执行多年的通州区购房双限政策。在通州区落户或就业、符合北京市整体限购条件的家庭，可在通州区购买商品住房，取消了此前需在通州落户或连续缴纳社保、个税满三年的额外限制。政策旨在促进城市副中心职住平衡，虽非天通苑所在区域直接政策，但体现北京限购边际放松方向，对五环外预期有示范意义。,21世纪经济报道 https://www.21jingji.com/article/20240206/herald/8210459ca9ab7a667b92818375b03cb6.html
2024-05-17,央行下调全国商贷最低首付款比例,全国,4,政策,利好,全国统一首套15%、二套25%首付下限,2024年5月17日，中国人民银行、国家金融监督管理总局发布通知，对于贷款购买商品住房的居民家庭，首套住房商业性个人住房贷款最低首付款比例调整为不低于15%，二套住房商业性个人住房贷款最低首付款比例调整为不低于25%。各省级分行可因城施策确定辖区下限。该政策为全国性信贷宽松信号，为后续北京等地跟进下调首付比例奠定基础，有助于降低购房资金门槛、稳定市场预期。,新华网 https://news.qq.com/rain/a/20240517A06E1N00
2024-07-22,LPR报价下调10个基点,全国,4,利率,利好,5年期LPR降至3.85%降低按揭成本,2024年7月22日，中国人民银行授权全国银行间同业拆借中心公布贷款市场报价利率：1年期LPR为3.35%，5年期以上LPR为3.85%，均较上一期下降10个基点。这是2024年LPR第二次下调，直接带动新发放房贷利率下行，减轻购房者月供压力。对天通苑等以按揭交易为主的大型社区而言，利率下行有助于修复购房意愿，对二手房成交活跃度形成间接支撑。,中国银行贷款市场报价利率页面 https://www.bankofchina.com/fimarkets/lilv/fd32/201310/t20131031_2591219.html
2024-09-30,北京发布房地产政策优化组合拳,北京,2,政策,利好,降首付、缩短社保年限、取消普宅标准,2024年9月30日，北京市住建委等6部门联合印发《关于进一步优化调整本市房地产相关政策的通知》，自10月1日起施行。主要内容包括：引导商业银行将存量房贷利率降至新发放贷款利率附近；下调商贷最低首付款比例；加大住房公积金贷款支持力度；调减非京籍家庭购房社保或个税缴纳年限；通州区限购与全市统一；取消普通住房和非普通住房标准。该轮政策被业内视为北京楼市重要松绑节点。,证券时报 https://stcn.com/article/detail/1338621.html
2024-10-01,北京商贷首付比例下调至15%和20%,北京,2,政策,利好,首套房最低15%二套房最低20%正式执行,自2024年10月1日起，北京执行新一轮住房信贷政策：购买首套商品住房，商业性个人住房贷款最低首付款比例调整为不低于15%；购买二套商品住房，商业性个人住房贷款最低首付款比例调整为不低于20%，不再区分五环内外差异。京籍二孩及以上家庭购买商品住房，公积金贷款额度可上浮40万元。政策显著降低购房门槛，对昌平天通苑等非城六环外板块改善型和刚需客群形成直接利好。,北京住房公积金管理中心 https://gjj.beijing.gov.cn/web/zwgk61/2024zcwj/436433464/436433467/543423930/index.html
2024-10-21,LPR报价下调25个基点,全国,3,利率,利好,1年期3.1%五年期3.6%年内最大降幅,2024年10月21日，中国人民银行授权全国银行间同业拆借中心公布最新LPR：1年期LPR为3.10%，5年期以上LPR为3.60%，两个期限均较上一期下降25个基点，为年内第三次下调、降幅最大的一次。专家普遍认为，此举将带动企业和居民贷款利率下降，促进社会融资成本稳中有降。结合北京同期出台的首付下调和存量利率调整政策，形成政策合力，对房地产市场预期修复作用明显。,中国政府网 https://www.gov.cn/lianbo/bumen/202410/content_6981856.htm
2024-10-25,存量房贷利率批量下调落地,全国,3,利率,利好,存量房贷利息负担实质性下降,2024年10月，商业银行加快推进存量房贷利率批量调整，将符合条件的存量房贷利率统一调降至新发放贷款利率附近。北京作为一线城市，存量房贷规模较大，利率下调直接减轻已购房家庭月供压力，提升居民可支配收入，间接增强换房、改善需求的支付能力。对天通苑这类存量房规模大、换手频繁的社区，有助于稳定业主预期、减少因高利率导致的抛售压力。,新华网 https://www.news.cn/money/20241022/469df6fd4cdf438e90ff56bbabae6fdd/c.html
2024-04-15,回天地区老旧小区改造持续推进,天通苑,5,配套,利好,天通苑一至六区纳入综合整治提升,回天地区持续推进老旧小区改造和城市更新。北京市住建部门数据显示，回天行动计划实施以来，累计启动改造项目38个，改造建筑面积约270万平方米，覆盖楼栋538栋。天通苑一至六区、龙兴园北区、太平家园等小区通过节能改造、室外环境提升、架空线入地等综合整治实现品质提升。改造改善居住环境和社区配套，对天通苑存量房产价值形成长期支撑，但短期对房价拉动相对温和。,腾讯新闻 https://news.qq.com/rain/a/20260416A026TG00
2024-12-30,地铁17号线北段开通天通苑东站,天通苑,3,配套,利好,天通苑新增地铁站点结束单线依赖,2023年12月30日，北京地铁17号线北段开通运营，天通苑东站正式投用，成为天通苑地区第四座地铁站。该站位于昌平区天通苑，结束了长期以来天通苑主要依靠5号线联通中心城区的局面。17号线北段连接工人体育场至未来科学城方向，提升了天通苑北部居民通勤效率，改善大型社区交通可达性。交通配套完善通常对远郊大型社区房价形成中长期正向支撑。,维基百科天通苑东站条目 https://zh.wikipedia.org/wiki/%E5%A4%A9%E9%80%9A%E8%8B%91%E4%B8%9C%E7%AB%99
2025-02-04,北京加快推进老楼加装电梯民心工程,北京,6,配套,利好,一户申请就启动加梯流程更规范,北京市持续推进既有多层住宅加装电梯工作，依据《北京市既有多层住宅加装电梯操作指引（试行）》，明确一户申请就启动、达到比例就确认、协商一致就开工的流程。截至报道时，北京累计加装电梯四千余部，惠及约5万户居民。回天地区、天通苑等大型老旧社区受益明显。加装电梯提升老龄化和改善型居住体验，增强存量房吸引力，对天通苑多层住宅成交价形成结构性利好。,科技日报 https://www.stdaily.com/web/gdxw/2025-02/04/content_292970.html
2025-05-08,央行下调个人住房公积金贷款利率,全国,3,利率,利好,5年以上首套房公积金利率降至2.6%,2025年5月7日，中国人民银行发布关于下调个人住房公积金贷款利率的通知，自2025年5月8日起，个人住房公积金贷款利率下调0.25个百分点。5年期以上首套房利率由2.85%降至2.6%，其他期限利率同步调整。公积金降息直接降低购房贷款成本，与商业贷款降息形成协同。对天通苑刚需购房者而言，公积金政策优化有助于提升支付能力，对成交量有温和促进作用。,人民日报海外版 https://paper.people.com.cn/rmrbhwb/pc/content/202601/08/content_30130383.html
2025-05-20,LPR报价下调10个基点,全国,3,利率,利好,5年期LPR降至3.50%引导按揭利率下行,2025年5月20日，中国人民银行授权全国银行间同业拆借中心公布LPR：1年期LPR为3.00%，5年期以上LPR为3.50%，均较上一期下降10个基点。此次下调是2025年首次LPR调整，继续释放货币政策适度宽松信号。结合北京同期商业房贷利率政策，新发放按揭利率进一步走低，有助于减轻购房者负担，对房地产市场企稳形成金融环境支撑。,中国银行 https://www.bankofchina.com/fimarkets/lilv/fd32/201310/t20131031_2591219.html
2025-05-15,天通苑东一区老楼加装电梯工程推进,天通苑,5,配套,利好,回天地区加梯施工提升老旧楼栋价值,2025年上半年，昌平区持续推进老旧小区加装电梯工作，天通苑东一区20号楼等楼栋加装电梯工程进入施工阶段。昌平区已累计批复老旧小区加装电梯452部，其中已完工241部、在施154部。加装电梯改善高层老年居民出行条件，提升居住便利性，对多层住宅的流通性和议价能力具有积极作用。此类微更新对天通苑房价影响多为结构性，而非整体大幅波动。,网易新闻 https://www.163.com/dy/article/K53GH6N20552VDZJ.html
2025-08-09,北京五环外商品住房不限套数,北京,2,政策,利好,昌平天通苑所在五环外购房套数放开,2025年8月9日起，北京执行《关于进一步优化调整本市房地产相关政策的通知》：符合本市商品住房购买条件的居民家庭，在五环外购买商品住房含新建和二手住房不限套数。天通苑位于昌平区五环外，直接受益于该政策。限购松绑有助于释放改善型和多套需求，增加天通苑板块购房客群基数，对成交量和价格预期形成正面影响，是2025年北京楼市最重要的宽松政策之一。,北京市人民政府门户网站 https://www.beijing.gov.cn/zhengce/zhengcefagui/202512/t20251224_4360546.html
2025-08-09,北京公积金贷款政策优化调整,北京,3,政策,利好,二套最高额度提至100万首付统一30%,2025年8月9日起，北京同步优化住房公积金贷款政策：二套公积金贷款最高额度由60万元提高至100万元；二套房公积金贷款最低首付款比例统一调整为不低于30%，不再区分五环内外；每缴存一年住房公积金可贷款15万元。以400万元总价、100万元公积金贷款、30年期限为例，二套按首套认定后首付款最高可减少60万元。政策降低改善型购房成本，对天通苑换房群体形成实质利好。,北京住房公积金管理中心 https://gjj.beijing.gov.cn/web/zwgk61/2024zcjd/743726745/index.html
2025-09-23,天通苑东二区法拍房二拍成交,天通苑,6,其他,利空,法拍成交价显著低于评估价和挂牌均价,2025年9月23日，北京市昌平区天通苑东二区34号楼一套98平方米两居室在京东司法拍卖平台二拍成交，成交价约212万元，折合单价约21588元/平方米，低于评估价33108元/平方米和同期板块挂牌均价约29250元/平方米。法拍房以折价成交为特征，反映部分急售或司法处置房源对区域价格形成下拉参照。当法拍成交密集且折价扩大时，可能对天通苑二手房业主心理价位和议价空间产生负面传导。,京东拍卖平台房源页面 https://www.jdfapai.com/properties/309400184.html
2025-12-24,北京进一步优化房地产相关政策,北京,2,政策,利好,非京籍购房年限缩短商贷不再区分首二套,2025年12月24日，北京市住建委等4部门联合印发《关于进一步优化调整本市房地产相关政策的通知》。主要内容包括：非京籍家庭购买五环内商品住房社保或个税缴纳年限由3年调减为2年，购买五环外商品住房由2年调减为1年；二孩及以上多子女家庭可在五环内再多购买一套商品住房；商业性个人住房贷款利率定价机制不再区分首套和二套住房。天通苑位于五环外，非京籍门槛降至1年，显著扩大潜在购房人群。,京报网 https://news.bjd.com.cn/2025/12/24/11483396.shtml
2025-12-27,地铁17号线全线贯通及18号线开通,天通苑,2,配套,利好,天通苑东站可换乘17号线与18号线,2025年12月27日，北京地铁17号线中段开通，17号线实现南北全线贯通；同日地铁18号线马连洼至天通苑东段开通，天通苑东站成为17号线与18号线换乘站。17号线贯通后，从亦庄到昌平未来科学城北至嘉会湖方向通勤时间大幅缩短；18号线连接天通苑与回龙观、上地软件园。双线开通显著改善天通苑大型社区对外交通连接，提升职住便利性和区域吸引力，为房价提供中长期配套支撑。,首都之窗 https://www.beijing.gov.cn/fuwu/bmfw/sy/jrts/202512/t20251213_4339500.html
2026-01-01,存量公积金贷款利率正式下调执行,全国,4,利率,利好,2025年5月降息在2026年初集中兑现,根据中国人民银行2025年5月发布的通知，个人住房公积金贷款利率自2025年5月8日起下调0.25个百分点。对于已发放且期限在1年以上的公积金贷款，利率在当年内不作调整，自2026年1月1日起执行新利率。这意味着大量存量公积金贷款购房者在2026年初迎来月供下降。对天通苑这类公积金贷款使用比例较高的刚需社区，有助于提升居民购买力并稳定住房消费预期。,人民日报海外版 https://paper.people.com.cn/rmrbhwb/pc/content/202601/08/content_30130383.html
2026-03-20,天通苑奥北中学设计招标中标公示,天通苑,4,配套,利好,天通苑首个独立高中建设进入设计阶段,2026年3月，北京市公共资源交易平台发布昌平区奥北中学项目设计招标中标候选人公示，清华大学建筑设计研究院以高分位列第一。奥北中学位于昌平区天通苑北街道，为天通苑区域规划的首所独立高中，旨在填补大型社区优质高中教育资源空白。学校建设进展虽尚未形成划片政策，但教育配套预期提升对学区房心理溢价和长期居住吸引力具有正向影响，利好天通苑北部板块预期。,网易新闻 https://www.163.com/dy/article/KPCN5V5A0536JW7T.html
2026-04-15,第三轮回天行动计划正式发布,天通苑,3,其他,利好,未来五年回天地区127个重点项目投资约343亿,2026年4月15日，北京市正式发布《进一步推进回龙观天通苑地区提升发展行动计划2026—2030年》，为第三轮回天行动计划。计划围绕高质量发展、高品质生活、高效能治理三大主线，安排127个重点项目，总投资约343亿元。重点任务包括公共服务扩优提质、交通网络便捷通畅、老旧小区改造、产业消费活力焕新等。天通苑作为回天地区核心组团，将持续受益于基础设施和公共服务补短板，提升区域长期价值。,北京市发展和改革委员会 https://fgw.beijing.gov.cn/fgwzwgk/2024zcwj/sjbmgfxwj/bjszfwj/202604/t20260415_4582979.htm
2026-04-16,回天地区两轮回天改造成效发布,天通苑,4,配套,利好,天通苑等38个小区完成综合整治改造,2026年4月，北京市住建委发布回天地区提升发展成效：自2018年两轮回天行动计划实施以来，累计启动老旧小区改造项目38个，改造建筑面积约270万平方米，覆盖楼栋538栋。天通苑一至六区、龙兴园北区、太平家园等小区完成节能改造、环境提升和架空线入地等综合整治。2024年以来市区两级开展业务指导700余次，2025年完成电梯更新726部。城市更新提升居住品质，巩固大型社区价格底部支撑。,腾讯新闻 https://news.qq.com/rain/a/20260416A026TG00
2026-07-02,昌平奥北中学项目施工资格预审公告,天通苑,4,配套,利好,天通苑高中项目进入实质性施工招标阶段,2026年7月2日，北京市公共资源交易平台发布昌平区奥北中学项目施工资格预审公告。项目建设地点位于昌平区天通苑北街道CP02-0501-0002地块，总建筑面积约54039平方米，合同估算价约3.69亿元，计划工期751日历天。项目由北京市相关部门批准建设，资金来源为政府投资。施工招标标志着天通苑首个独立高中从规划迈向实质建设，教育配套落地预期增强，对区域长期房价预期和人口吸引力具有积极意义。,千里马招标网 https://www.qianlima.com/bid-610609093.html
